{
  "Logistic Regression": {
    "accuracy": 0.5153949129852744,
    "f1": 0.3143939393939394,
    "precision": 0.6484375,
    "recall": 0.2075,
    "auc": 0.5403962536023055,
    "sharpe": 1.160725185181302,
    "max_dd": -0.13760450292560425,
    "ann_ret": 0.14993049438303108
  },
  "Random Forest": {
    "accuracy": 0.5247657295850067,
    "f1": 0.2799188640973631,
    "precision": 0.7419354838709677,
    "recall": 0.1725,
    "auc": 0.5864048991354467,
    "sharpe": -2.06281512254222,
    "max_dd": -0.5792858191133331,
    "ann_ret": -0.23618299911758134
  },
  "XGBoost": {
    "accuracy": 0.5020080321285141,
    "f1": 0.21518987341772153,
    "precision": 0.6891891891891891,
    "recall": 0.1275,
    "auc": 0.5141210374639769,
    "sharpe": -1.231625768177882,
    "max_dd": -0.4368374942198403,
    "ann_ret": -0.15208918226352397
  },
  "SVM (RBF)": {
    "accuracy": 0.5287817938420348,
    "f1": 0.3972602739726027,
    "precision": 0.6304347826086957,
    "recall": 0.29,
    "auc": 0.5779971181556195,
    "sharpe": -2.4087164932357057,
    "max_dd": -0.6185688523364835,
    "ann_ret": -0.2682630642214622
  },
  "Neural Network": {
    "accuracy": 0.5113788487282463,
    "f1": 0.35168738898756663,
    "precision": 0.6073619631901841,
    "recall": 0.2475,
    "auc": 0.5689985590778098,
    "sharpe": -1.5441919950595062,
    "max_dd": -0.46327205473178495,
    "ann_ret": -0.18491357022008592
  },
  "VQC (4q,1r)": {
    "accuracy": 0.5435073627844712,
    "f1": 0.462992125984252,
    "precision": 0.625531914893617,
    "recall": 0.3675,
    "auc": 0.5435073627844712,
    "sharpe": 0.2928085358059253,
    "max_dd": -0.17700535609636325,
    "ann_ret": 0.029663120634415785
  }
}