{
  "Logistic Regression": {
    "accuracy": 0.5153949129852744,
    "f1": 0.3143939393939394,
    "precision": 0.6484375,
    "recall": 0.2075,
    "auc": 0.5403962536023055,
    "sharpe": 1.160725185181302,
    "max_dd": -0.13760450292560425,
    "ann_ret": 0.14993049438303108
  },
  "Random Forest": {
    "accuracy": 0.5220883534136547,
    "f1": 0.2729124236252546,
    "precision": 0.7362637362637363,
    "recall": 0.1675,
    "auc": 0.6043876080691644,
    "sharpe": -1.123157527906234,
    "max_dd": -0.39962449802565475,
    "ann_ret": -0.14037357215183766
  },
  "XGBoost": {
    "accuracy": 0.5020080321285141,
    "f1": 0.21518987341772153,
    "precision": 0.6891891891891891,
    "recall": 0.1275,
    "auc": 0.5141210374639769,
    "sharpe": -1.231625768177882,
    "max_dd": -0.4368374942198403,
    "ann_ret": -0.15208918226352397
  },
  "SVM (RBF)": {
    "accuracy": 0.5287817938420348,
    "f1": 0.3972602739726027,
    "precision": 0.6304347826086957,
    "recall": 0.29,
    "auc": 0.578007925072046,
    "sharpe": -2.4087164932357057,
    "max_dd": -0.6185688523364835,
    "ann_ret": -0.2682630642214622
  },
  "Neural Network": {
    "accuracy": 0.499330655957162,
    "f1": 0.22083333333333333,
    "precision": 0.6625,
    "recall": 0.1325,
    "auc": 0.5603746397694525,
    "sharpe": -1.242412121320163,
    "max_dd": -0.41484928020633927,
    "ann_ret": -0.1532550527352926
  },
  "VQC (4q,1r)": {
    "accuracy": 0.5381526104417671,
    "f1": 0.4444444444444444,
    "precision": 0.6244343891402715,
    "recall": 0.345,
    "auc": 0.5381526104417671,
    "sharpe": 0.07582850670131167,
    "max_dd": -0.17092689494977428,
    "ann_ret": 0.0015349764967556023
  }
}