{
  "Logistic Regression": {
    "accuracy": 0.5153949129852744,
    "f1": 0.3143939393939394,
    "precision": 0.6484375,
    "recall": 0.2075,
    "auc": 0.5403962536023055,
    "sharpe": 1.160725185181302,
    "max_dd": -0.13760450292560425,
    "ann_ret": 0.14993049438303108
  },
  "Random Forest": {
    "accuracy": 0.5207496653279786,
    "f1": 0.2782258064516129,
    "precision": 0.71875,
    "recall": 0.1725,
    "auc": 0.600021613832853,
    "sharpe": -1.0484443419566152,
    "max_dd": -0.4043122204389475,
    "ann_ret": -0.13219042137615855
  },
  "XGBoost": {
    "accuracy": 0.5020080321285141,
    "f1": 0.21518987341772153,
    "precision": 0.6891891891891891,
    "recall": 0.1275,
    "auc": 0.5141210374639769,
    "sharpe": -1.231625768177882,
    "max_dd": -0.4368374942198403,
    "ann_ret": -0.15208918226352397
  },
  "SVM (RBF)": {
    "accuracy": 0.5287817938420348,
    "f1": 0.3972602739726027,
    "precision": 0.6304347826086957,
    "recall": 0.29,
    "auc": 0.578007925072046,
    "sharpe": -2.4087164932357057,
    "max_dd": -0.6185688523364835,
    "ann_ret": -0.2682630642214622
  },
  "Neural Network": {
    "accuracy": 0.5247657295850067,
    "f1": 0.3993231810490694,
    "precision": 0.6178010471204188,
    "recall": 0.295,
    "auc": 0.5830835734870317,
    "sharpe": 0.3729413209941673,
    "max_dd": -0.15821796575133562,
    "ann_ret": 0.040274613993113384
  },
  "VQC (4q,1r)": {
    "accuracy": 0.48728246318607765,
    "f1": 0.48590604026845635,
    "precision": 0.5246376811594203,
    "recall": 0.4525,
    "auc": 0.48728246318607765,
    "sharpe": -0.09594775156972996,
    "max_dd": -0.21020190973160993,
    "ann_ret": -0.02021088215364031
  }
}