{
  "Logistic Regression": {
    "accuracy": 0.5153949129852744,
    "f1": 0.3143939393939394,
    "precision": 0.6484375,
    "recall": 0.2075,
    "auc": 0.5403962536023055,
    "sharpe": 1.160725185181302,
    "max_dd": -0.13760450292560425,
    "ann_ret": 0.14993049438303108
  },
  "Random Forest": {
    "accuracy": 0.5046854082998661,
    "f1": 0.26,
    "precision": 0.65,
    "recall": 0.1625,
    "auc": 0.5991354466858789,
    "sharpe": -1.251027296254415,
    "max_dd": -0.4406016791540918,
    "ann_ret": -0.15418998324846156
  },
  "XGBoost": {
    "accuracy": 0.5020080321285141,
    "f1": 0.21518987341772153,
    "precision": 0.6891891891891891,
    "recall": 0.1275,
    "auc": 0.5141210374639769,
    "sharpe": -1.231625768177882,
    "max_dd": -0.4368374942198403,
    "ann_ret": -0.15208918226352397
  },
  "SVM (RBF)": {
    "accuracy": 0.5287817938420348,
    "f1": 0.3972602739726027,
    "precision": 0.6304347826086957,
    "recall": 0.29,
    "auc": 0.5780403458213257,
    "sharpe": -2.4087164932357057,
    "max_dd": -0.6185688523364835,
    "ann_ret": -0.2682630642214622
  },
  "Neural Network": {
    "accuracy": 0.571619812583668,
    "f1": 0.4684385382059801,
    "precision": 0.698019801980198,
    "recall": 0.3525,
    "auc": 0.6087103746397694,
    "sharpe": -1.5055960489404219,
    "max_dd": -0.46699628623610034,
    "ann_ret": -0.18095519956254413
  },
  "VQC (4q,1r)": {
    "accuracy": 0.4886211512717537,
    "f1": 0.5463182897862233,
    "precision": 0.5203619909502263,
    "recall": 0.575,
    "auc": 0.4886211512717537,
    "sharpe": 0.09116316861485277,
    "max_dd": -0.17951189228267722,
    "ann_ret": 0.0034995284273029448
  }
}