{
  "Logistic Regression": {
    "accuracy": 0.5153949129852744,
    "f1": 0.3143939393939394,
    "precision": 0.6484375,
    "recall": 0.2075,
    "auc": 0.5403962536023055,
    "sharpe": 1.160725185181302,
    "max_dd": -0.13760450292560425,
    "ann_ret": 0.14993049438303108
  },
  "Random Forest": {
    "accuracy": 0.5247657295850067,
    "f1": 0.3238095238095238,
    "precision": 0.68,
    "recall": 0.2125,
    "auc": 0.5926368876080692,
    "sharpe": -1.4669212149009174,
    "max_dd": -0.4859953176329001,
    "ann_ret": -0.17693921391298517
  },
  "XGBoost": {
    "accuracy": 0.5020080321285141,
    "f1": 0.21518987341772153,
    "precision": 0.6891891891891891,
    "recall": 0.1275,
    "auc": 0.5141210374639769,
    "sharpe": -1.231625768177882,
    "max_dd": -0.4368374942198403,
    "ann_ret": -0.15208918226352397
  },
  "SVM (RBF)": {
    "accuracy": 0.5287817938420348,
    "f1": 0.3972602739726027,
    "precision": 0.6304347826086957,
    "recall": 0.29,
    "auc": 0.5780259365994236,
    "sharpe": -2.4087164932357057,
    "max_dd": -0.6185688523364835,
    "ann_ret": -0.2682630642214622
  },
  "Neural Network": {
    "accuracy": 0.5073627844712182,
    "f1": 0.28957528957528955,
    "precision": 0.635593220338983,
    "recall": 0.1875,
    "auc": 0.5558933717579251,
    "sharpe": 0.7131685211259542,
    "max_dd": -0.12110215448471233,
    "ann_ret": 0.08636445324228093
  },
  "VQC (4q,1r)": {
    "accuracy": 0.4819277108433735,
    "f1": 0.5526011560693641,
    "precision": 0.513978494623656,
    "recall": 0.5975,
    "auc": 0.4819277108433735,
    "sharpe": 0.055184173573506794,
    "max_dd": -0.28664984948549715,
    "ann_ret": -0.0010986584979632008
  }
}