{
  "Logistic Regression": {
    "accuracy": 0.5153949129852744,
    "f1": 0.3143939393939394,
    "precision": 0.6484375,
    "recall": 0.2075,
    "auc": 0.5403962536023055,
    "sharpe": 1.160725185181302,
    "max_dd": -0.13760450292560425,
    "ann_ret": 0.14993049438303108
  },
  "Random Forest": {
    "accuracy": 0.5073627844712182,
    "f1": 0.26693227091633465,
    "precision": 0.6568627450980392,
    "recall": 0.1675,
    "auc": 0.6016282420749279,
    "sharpe": -2.2379923336056007,
    "max_dd": -0.593068103602761,
    "ann_ret": -0.2526374090335859
  },
  "XGBoost": {
    "accuracy": 0.5020080321285141,
    "f1": 0.21518987341772153,
    "precision": 0.6891891891891891,
    "recall": 0.1275,
    "auc": 0.5141210374639769,
    "sharpe": -1.231625768177882,
    "max_dd": -0.4368374942198403,
    "ann_ret": -0.15208918226352397
  },
  "SVM (RBF)": {
    "accuracy": 0.5287817938420348,
    "f1": 0.3972602739726027,
    "precision": 0.6304347826086957,
    "recall": 0.29,
    "auc": 0.5779971181556196,
    "sharpe": -2.4087164932357057,
    "max_dd": -0.6185688523364835,
    "ann_ret": -0.2682630642214622
  },
  "Neural Network": {
    "accuracy": 0.5327978580990629,
    "f1": 0.32755298651252407,
    "precision": 0.7142857142857143,
    "recall": 0.2125,
    "auc": 0.604963976945245,
    "sharpe": -0.07501230144771741,
    "max_dd": -0.1826803327712611,
    "ann_ret": -0.017574060002740977
  },
  "VQC (4q,1r)": {
    "accuracy": 0.5502008032128514,
    "f1": 0.4418604651162791,
    "precision": 0.6584158415841584,
    "recall": 0.3325,
    "auc": 0.5502008032128514,
    "sharpe": 0.4062004508550686,
    "max_dd": -0.1509160636906492,
    "ann_ret": 0.044667035119545284
  }
}