{
  "Logistic Regression": {
    "accuracy": 0.5153949129852744,
    "f1": 0.3143939393939394,
    "precision": 0.6484375,
    "recall": 0.2075,
    "auc": 0.5403962536023055,
    "sharpe": 1.160725185181302,
    "max_dd": -0.13760450292560425,
    "ann_ret": 0.14993049438303108
  },
  "Random Forest": {
    "accuracy": 0.5153949129852744,
    "f1": 0.25206611570247933,
    "precision": 0.7261904761904762,
    "recall": 0.1525,
    "auc": 0.5868587896253603,
    "sharpe": -1.3305659513828973,
    "max_dd": -0.43742751505286986,
    "ann_ret": -0.16265170906073068
  },
  "XGBoost": {
    "accuracy": 0.5020080321285141,
    "f1": 0.21518987341772153,
    "precision": 0.6891891891891891,
    "recall": 0.1275,
    "auc": 0.5141210374639769,
    "sharpe": -1.231625768177882,
    "max_dd": -0.4368374942198403,
    "ann_ret": -0.15208918226352397
  },
  "SVM (RBF)": {
    "accuracy": 0.5287817938420348,
    "f1": 0.3972602739726027,
    "precision": 0.6304347826086957,
    "recall": 0.29,
    "auc": 0.5780367435158501,
    "sharpe": -2.4087164932357057,
    "max_dd": -0.6185688523364835,
    "ann_ret": -0.2682630642214622
  },
  "Neural Network": {
    "accuracy": 0.4979919678714859,
    "f1": 0.31444241316270566,
    "precision": 0.5850340136054422,
    "recall": 0.215,
    "auc": 0.559985590778098,
    "sharpe": 0.9093200641767313,
    "max_dd": -0.11612107178041885,
    "ann_ret": 0.11382452839054769
  },
  "VQC (4q,1r)": {
    "accuracy": 0.5394912985274432,
    "f1": 0.35580524344569286,
    "precision": 0.7089552238805971,
    "recall": 0.2375,
    "auc": 0.5394912985274432,
    "sharpe": -0.20202992048708515,
    "max_dd": -0.16448403938081577,
    "ann_ret": -0.03340023917638313
  }
}