{
  "Logistic Regression": {
    "accuracy": 0.5153949129852744,
    "f1": 0.3143939393939394,
    "precision": 0.6484375,
    "recall": 0.2075,
    "auc": 0.5403962536023055,
    "sharpe": 1.160725185181302,
    "max_dd": -0.13760450292560425,
    "ann_ret": 0.14993049438303108
  },
  "Random Forest": {
    "accuracy": 0.5113788487282463,
    "f1": 0.26262626262626265,
    "precision": 0.6842105263157895,
    "recall": 0.1625,
    "auc": 0.5817723342939481,
    "sharpe": -1.0467178363035738,
    "max_dd": -0.3671795389382983,
    "ann_ret": -0.13198728648206137
  },
  "XGBoost": {
    "accuracy": 0.5020080321285141,
    "f1": 0.21518987341772153,
    "precision": 0.6891891891891891,
    "recall": 0.1275,
    "auc": 0.5141210374639769,
    "sharpe": -1.231625768177882,
    "max_dd": -0.4368374942198403,
    "ann_ret": -0.15208918226352397
  },
  "SVM (RBF)": {
    "accuracy": 0.5287817938420348,
    "f1": 0.3972602739726027,
    "precision": 0.6304347826086957,
    "recall": 0.29,
    "auc": 0.5779971181556195,
    "sharpe": -2.4087164932357057,
    "max_dd": -0.6185688523364835,
    "ann_ret": -0.2682630642214622
  },
  "Neural Network": {
    "accuracy": 0.5475234270414994,
    "f1": 0.35984848484848486,
    "precision": 0.7421875,
    "recall": 0.2375,
    "auc": 0.5968083573487032,
    "sharpe": -0.543714536002319,
    "max_dd": -0.2924730344449416,
    "ann_ret": -0.07463731615227032
  },
  "VQC (4q,1r)": {
    "accuracy": 0.5167336010709505,
    "f1": 0.592090395480226,
    "precision": 0.5402061855670103,
    "recall": 0.655,
    "auc": 0.5167336010709505,
    "sharpe": -0.008469462645036431,
    "max_dd": -0.21186513543090787,
    "ann_ret": -0.00920089998244733
  }
}