{
  "Logistic Regression": {
    "accuracy": 0.5153949129852744,
    "f1": 0.3143939393939394,
    "precision": 0.6484375,
    "recall": 0.2075,
    "auc": 0.5403962536023055,
    "sharpe": 1.160725185181302,
    "max_dd": -0.13760450292560425,
    "ann_ret": 0.14993049438303108
  },
  "Random Forest": {
    "accuracy": 0.5207496653279786,
    "f1": 0.2896825396825397,
    "precision": 0.7019230769230769,
    "recall": 0.1825,
    "auc": 0.5804971181556196,
    "sharpe": -1.5508517107487703,
    "max_dd": -0.486944899800903,
    "ann_ret": -0.18559704965611057
  },
  "XGBoost": {
    "accuracy": 0.5020080321285141,
    "f1": 0.21518987341772153,
    "precision": 0.6891891891891891,
    "recall": 0.1275,
    "auc": 0.5141210374639769,
    "sharpe": -1.231625768177882,
    "max_dd": -0.4368374942198403,
    "ann_ret": -0.15208918226352397
  },
  "SVM (RBF)": {
    "accuracy": 0.5287817938420348,
    "f1": 0.3972602739726027,
    "precision": 0.6304347826086957,
    "recall": 0.29,
    "auc": 0.5779971181556196,
    "sharpe": -2.4087164932357057,
    "max_dd": -0.6185688523364835,
    "ann_ret": -0.2682630642214622
  },
  "Neural Network": {
    "accuracy": 0.5020080321285141,
    "f1": 0.2734375,
    "precision": 0.625,
    "recall": 0.175,
    "auc": 0.5537391930835736,
    "sharpe": -1.8409739256160933,
    "max_dd": -0.5545799272497896,
    "ann_ret": -0.21473895123731634
  },
  "VQC (4q,1r)": {
    "accuracy": 0.44176706827309237,
    "f1": 0.5596620908130939,
    "precision": 0.4844606946983547,
    "recall": 0.6625,
    "auc": 0.44176706827309237,
    "sharpe": -0.2588965751780863,
    "max_dd": -0.28321589233409034,
    "ann_ret": -0.04036696884994406
  }
}