{
  "Logistic Regression": {
    "accuracy": 0.5153949129852744,
    "f1": 0.3143939393939394,
    "precision": 0.6484375,
    "recall": 0.2075,
    "auc": 0.5403962536023055,
    "sharpe": 1.160725185181302,
    "max_dd": -0.13760450292560425,
    "ann_ret": 0.14993049438303108
  },
  "Random Forest": {
    "accuracy": 0.5060240963855421,
    "f1": 0.2634730538922156,
    "precision": 0.6534653465346535,
    "recall": 0.165,
    "auc": 0.5847694524495678,
    "sharpe": -1.4857073582105678,
    "max_dd": -0.4743093614745667,
    "ann_ret": -0.1788852549448623
  },
  "XGBoost": {
    "accuracy": 0.5020080321285141,
    "f1": 0.21518987341772153,
    "precision": 0.6891891891891891,
    "recall": 0.1275,
    "auc": 0.5141210374639769,
    "sharpe": -1.231625768177882,
    "max_dd": -0.4368374942198403,
    "ann_ret": -0.15208918226352397
  },
  "SVM (RBF)": {
    "accuracy": 0.5287817938420348,
    "f1": 0.3972602739726027,
    "precision": 0.6304347826086957,
    "recall": 0.29,
    "auc": 0.578007925072046,
    "sharpe": -2.4087164932357057,
    "max_dd": -0.6185688523364835,
    "ann_ret": -0.2682630642214622
  },
  "Neural Network": {
    "accuracy": 0.5595716198125836,
    "f1": 0.594327990135635,
    "precision": 0.5863746958637469,
    "recall": 0.6025,
    "auc": 0.5917002881844381,
    "sharpe": 0.022401838880333372,
    "max_dd": -0.21528017602511978,
    "ann_ret": -0.005311248590257889
  },
  "VQC (4q,1r)": {
    "accuracy": 0.5568942436412316,
    "f1": 0.4737678855325914,
    "precision": 0.6506550218340611,
    "recall": 0.3725,
    "auc": 0.5568942436412316,
    "sharpe": 0.5771327173010987,
    "max_dd": -0.14250375447486943,
    "ann_ret": 0.06769030642838691
  }
}