{
  "n_qubits": 4,
  "reps": 2,
  "encoding": "angle",
  "n_parameters": 12,
  "train_accuracy": 0.5147255689424364,
  "test_accuracy": 0.5314591700133868,
  "test_precision": 0.5542725173210161,
  "test_recall": 0.6045340050377834,
  "test_f1": 0.5783132530120482,
  "test_auc": null,
  "confusion_matrix": [
    [
      157,
      193
    ],
    [
      157,
      240
    ]
  ]
}